{
    "data": [
        {
            "id": "570df0bf-4aa1-4753-93c1-e82364227b1b",
            "_id": "Q001",
            "name": "John Doe",
            "insurance": "car",
            "value": 50000,
            "rate": 0.01,
            "premiumrate": 500
        },
        {
            "id": "570df0bf-4aa1-4753-93c1-e5656gg227b1b",
            "_id": "Q002",
            "name": "Jordan Fisher",
            "insurance": "car",
            "value": 50000,
            "rate": 0.01,
            "premiumrate": 500
        },
        {
            "id": "570df0bf-4aa1-4753-93c1-3435dsdfvcb",
            "_id": "Q003",
            "name": "Jack Sparrow",
            "insurance": "car",
            "value": 50000,
            "rate": 0.01,
            "premiumrate": 500
        }
    ]
}